{
  "Author": "JerryEris",
  "Compatibility": "Compatible",
  "DefuserDifficulty": "Medium",
  "Description": "Determine how the module is malfunctioning, then find the function being applied to variables you input and use a second function to find the solution using the numbers at the top. Tags: 14-buttons, keypad, query, comma, clear, submit, screens, digits, red-background",
  "ExpertDifficulty": "Very Hard",
  "ModuleID": "malfunctions",
  "Name": "Malfunctions",
  "Origin": "Mods",
  "Published": "2020-04-01",
  "SortKey": "MALFUNCTIONS",
  "SourceUrl": "https://github.com/JerryArr/Malfunctions",
  "SteamID": "2043218097",
  "Symbol": "Mn",
  "Type": "Regular"
}